city,beds,starting_price
Orange,1.0,2499
Costa Mesa,1.0,2533
Aliso Viejo,1.0,2505
Huntington Beach,1.0,2245
Anaheim,1.0,2240
Anaheim,1.0,2110
Huntington Beach,2.0,2749
Buena Park,1.0,2325
Anaheim,1.0,2085
Tustin,1.0,2395
Cypress,1.0,3294
Anaheim,1.0,1800
Newport Beach,1.0,5295
Anaheim,1.0,2115
Rancho Santa Margarita,1.0,2395
Rancho Santa Margarita,1.0,2095
Brea,0.0,2120
Lake Forest,0.0,2240
Irvine,1.0,2950
Placentia,1.0,2405
Anaheim,1.0,2035
Anaheim,0.0,2599
Rancho Santa Margarita,1.0,2675
Laguna Hills,1.0,2647
Garden Grove,2.0,2800
Cypress,1.0,2305
Anaheim,2.0,2622
Cypress,1.0,2005
Orange,0.0,2460
Buena Park,1.0,2385
Irvine,1.0,2965
Rancho Santa Margarita,0.0,2220
Irvine,1.0,2935
Placentia,1.0,2090
Aliso Viejo,1.0,2459
Mission Viejo,0.0,2190
San Clemente,1.0,2755
Lake Forest,1.0,2265
Ladera Ranch,1.0,2270
Aliso Viejo,1.0,2826
Ladera Ranch,1.0,2420
Aliso Viejo,1.0,2620
Laguna Niguel,0.0,2300
Ladera Ranch,1.0,2585
San Clemente,1.0,2880
Ladera Ranch,1.0,2095
Aliso Viejo,1.0,2765
Aliso Viejo,1.0,2530
Lake Forest,1.0,2235
Aliso Viejo,1.0,2705
Ladera Ranch,1.0,2715
Rancho Santa Margarita,0.0,2305
Aliso Viejo,1.0,2629
Lake Forest,1.0,2740
Ladera Ranch,1.0,2587
Rancho Santa Margarita,1.0,2424
San Clemente,1.0,2787
Laguna Niguel,1.0,2466
Laguna Niguel,1.0,2499
Ladera Ranch,1.0,2430
San Juan Capistrano,1.0,2975
Rancho Santa Margarita,1.0,2515
Lake Forest,1.0,2625
Lake Forest,1.0,2495
Mission Viejo,1.0,2405
Cypress,1.0,2195
Santa Ana,1.0,2405
Fullerton,1.0,2095
Anaheim,1.0,1985
Placentia,1.0,2150
Anaheim,1.0,2165
Anaheim,0.0,2380
Anaheim,1.0,2144
Fullerton,1.0,2120
Garden Grove,2.0,2540
Huntington Beach,2.0,3657
Newport Coast,1.0,3260
Irvine,2.0,3425
Newport Beach,1.0,3810
Irvine,1.0,3050
Newport Beach,1.0,3505
Laguna Beach,1.0,4474
Irvine,0.0,2590
Newport Beach,0.0,2715
Newport Coast,1.0,3375
Irvine,1.0,2650
Irvine,1.0,2600
Costa Mesa,2.0,2795
Costa Mesa,1.0,2550
Laguna Beach,1.0,2834
Irvine,1.0,2600
Irvine,1.0,2560
Huntington Beach,1.0,4025
Laguna Beach,0.0,3200
Newport Beach,0.0,2730
Huntington Beach,1.0,2295
Irvine,1.0,2580
Irvine,0.0,2750
Irvine,1.0,3035
Irvine,1.0,2725
Irvine,1.0,2500
Irvine,0.0,2410
Irvine,1.0,2785
Newport Beach,1.0,4155
Costa Mesa,1.0,2300
Huntington Beach,0.0,2055
Costa Mesa,1.0,2185
Ladera Ranch,1.0,2535
Lake Forest,1.0,2455
Aliso Viejo,1.0,2205
Mission Viejo,1.0,2635
Laguna Hills,1.0,2395
Rancho Santa Margarita,1.0,2457
Mission Viejo,0.0,2312
Rancho Santa Margarita,0.0,3234
Tustin,1.0,2250
Santa Ana,0.0,2527
Orange,2.0,3245
Tustin,1.0,2300
Santa Ana,1.0,2275
Tustin,1.0,2595
Tustin,1.0,2325
Irvine,1.0,2595
Irvine,0.0,2495
Orange,1.0,2085
Santa Ana,0.0,2527
Santa Ana,2.0,3555
Costa Mesa,1.0,2715
Tustin,1.0,2160
Costa Mesa,0.0,2318
Orange,1.0,2245
Santa Ana,1.0,2275
Garden Grove,1.0,2295
Irvine,1.0,4060
Orange,1.0,2145
Santa Ana,2.0,3345
Santa Ana,2.0,3325
Orange,0.0,2393
Irvine,1.0,2545
Costa Mesa,0.0,2682
Irvine,1.0,2485
Irvine,1.0,2475
Santa Ana,1.0,2660
Huntington Beach,1.0,2395
Huntington Beach,1.0,2465
Fountain Valley,1.0,2452
Huntington Beach,0.0,2027
Fountain Valley,1.0,2560
Huntington Beach,1.0,2806
Garden Grove,1.0,2475
Huntington Beach,1.0,2548
Huntington Beach,1.0,2200
Garden Grove,1.0,2155
Garden Grove,2.0,2650
Stanton,0.0,2311
Stanton,1.0,1975
Huntington Beach,0.0,2692
Westminster,1.0,1750
Huntington Beach,2.0,2970
Huntington Beach,0.0,2520
Huntington Beach,2.0,2825
Stanton,0.0,2248
Westminster,1.0,2230
Huntington Beach,1.0,2245
Huntington Beach,2.0,2775
Westminster,1.0,2655
Huntington Beach,1.0,2200
Westminster,1.0,2100
Garden Grove,1.0,2050
Westminster,1.0,2320
Huntington Beach,1.0,2582
Garden Grove,1.0,2029
Anaheim,1.0,2065
Brea,1.0,2165
Anaheim,0.0,2392
Anaheim,1.0,2005
Placentia,2.0,2620
Brea,0.0,2100
Anaheim,0.0,2875
Anaheim,0.0,2559
Anaheim,1.0,2499
Anaheim,0.0,2383
Anaheim,0.0,2552
Anaheim,0.0,2506
Anaheim,1.0,2220
Anaheim,1.0,2150
Placentia,1.0,2648
Anaheim,1.0,2225
Orange,2.0,2840
Anaheim,0.0,2090
Fullerton,0.0,2573
Orange,2.0,2560
Anaheim,2.0,2495
Brea,1.0,2916
Placentia,1.0,2130
Anaheim,0.0,2505
Placentia,0.0,2440
Anaheim,1.0,2165
Anaheim,1.0,2220
Buena Park,0.0,2030
Anaheim,1.0,1800
Anaheim,1.0,2010
Anaheim,1.0,2250
Fullerton,1.0,2155
Anaheim,1.0,2150
Anaheim,1.0,2284
Anaheim,1.0,2215
Los Alamitos,1.0,3250
Anaheim,1.0,2017
La Palma,1.0,2190
Cypress,1.0,2360
Anaheim,1.0,2095
Garden Grove,1.0,2220
Irvine,0.0,2775
Irvine,1.0,3140
Irvine,1.0,2445
Irvine,1.0,2400
Irvine,1.0,2825
Irvine,0.0,2600
Laguna Beach,1.0,3495
Newport Beach,1.0,2695
Newport Beach,0.0,3800
Dana Pt,1.0,2528
Laguna Niguel,1.0,2851
Dana Pt,1.0,4994
San Clemente,1.0,2650
Laguna Niguel,2.0,3195
Laguna Niguel,1.0,2543
Laguna Niguel,2.0,2619
Laguna Niguel,2.0,2957
Dana Pt,1.0,2855
San Clemente,1.0,2525
Dana Pt,1.0,2453
San Clemente,1.0,2602
Laguna Niguel,2.0,2995
Dana Pt,2.0,3695
Dana Pt,3.0,6500
Laguna Beach,2.0,6000
Laguna Beach,2.0,15000
Laguna Beach,2.0,5250
Laguna Beach,0.0,3295
Laguna Beach,0.0,5000
Laguna Beach,2.0,15000
Laguna Beach,2.0,15000
Huntington Beach,1.0,2295
Huntington Beach,1.0,2124
Newport Beach,0.0,2275
Costa Mesa,0.0,1970
Huntington Beach,1.0,2290
Costa Mesa,1.0,2195
Huntington Beach,0.0,2191
Costa Mesa,1.0,2200
Huntington Beach,1.0,2350
Newport Beach,3.0,4995
Huntington Beach,2.0,2800
Rancho Santa Margarita,3.0,5590
Ladera Ranch,3.0,4545
Aliso Viejo,2.0,4900
Lake Forest,2.0,3200
Mission Viejo,1.0,2900
Laguna Woods,1.0,2900
Aliso Viejo,2.0,3500
Laguna Woods,2.0,2200
Lake Forest,1.0,2295
Laguna Niguel,0.0,2300
Mission Viejo,1.0,2305
Mission Viejo,1.0,2455
Laguna Hills,1.0,2278
Laguna Niguel,0.0,2365
Mission Viejo,0.0,2535
Orange,0.0,2455
Orange,0.0,2840
Santa Ana,0.0,2495
Orange,0.0,2370
Santa Ana,0.0,2984
Tustin,1.0,2249
Santa Ana,1.0,2162
Tustin,2.0,2650
Orange,1.0,2195
Santa Ana,1.0,2275
Orange,0.0,2010
Orange,2.0,3449
Anaheim,1.0,2255
Anaheim,1.0,2305
Tustin,1.0,2000
Tustin,1.0,2100
Garden Grove,0.0,1953
Orange,1.0,2373
Tustin,2.0,3505
Tustin,0.0,2320
Tustin,0.0,2310
Irvine,1.0,2725
Tustin,1.0,2430
Santa Ana,0.0,1900
Tustin,3.0,3945
Santa Ana,1.0,2175
Tustin,1.0,2395
Huntington Beach,1.0,2230
Fountain Valley,1.0,2295
Westminster,0.0,1825
Westminster,0.0,2010
Huntington Beach,1.0,2062
Garden Grove,1.0,2050
Huntington Beach,1.0,2100
Garden Grove,1.0,2238
Huntington Beach,1.0,2285
Garden Grove,1.0,1995
Huntington Beach,1.0,2281
Garden Grove,1.0,2195
Fountain Valley,1.0,2050
Fountain Valley,1.0,2147
Huntington Beach,0.0,2266
Huntington Beach,0.0,2420
Huntington Beach,1.0,2402
Garden Grove,1.0,1950
Garden Grove,2.0,2600
Huntington Beach,0.0,2483
Seal Beach,2.0,3348
Westminster,1.0,2095
Westminster,1.0,1775
Huntington Beach,1.0,1995
Huntington Beach,1.0,2200
Irvine,1.0,2957
Irvine,0.0,2328
Irvine,0.0,2786
Irvine,0.0,2814
Santa Ana,0.0,2569
Costa Mesa,1.0,2857
Irvine,0.0,3188
Costa Mesa,1.0,3255
Santa Ana,1.0,2045
Irvine,2.0,3760
Irvine,0.0,2343
Irvine,0.0,3075
Santa Ana,1.0,2640
Costa Mesa,0.0,2535
Irvine,1.0,2683
Costa Mesa,1.0,2400
Fountain Valley,1.0,2530
Santa Ana,0.0,2608
Santa Ana,1.0,2335
Santa Ana,0.0,2596
Costa Mesa,1.0,2330
Santa Ana,1.0,2272
Irvine,1.0,2717
Costa Mesa,1.0,2335
Irvine,1.0,2768
Tustin,1.0,2450
Westminster,2.0,2675
Fountain Valley,1.0,2365
Garden Grove,2.0,2550
Huntington Beach,1.0,2395
Garden Grove,1.0,2189
Costa Mesa,0.0,2189
Fountain Valley,2.0,2534
Huntington Beach,0.0,2103
Santa Ana,1.0,2091
Westminster,2.0,2595
Garden Grove,0.0,1099
Huntington Beach,2.0,2795
Huntington Beach,3.0,3650
Huntington Beach,1.0,2595
Tustin,1.0,2495
Irvine,1.0,3670
Tustin,2.0,3120
Irvine,1.0,2475
Irvine,2.0,2705
Tustin,0.0,2650
Irvine,1.0,2475
Irvine,1.0,3095
Irvine,1.0,2495
Irvine,1.0,2680
Tustin,0.0,2020
Irvine,2.0,3310
Irvine,2.0,3725
Irvine,1.0,2825
Irvine,1.0,2670
Irvine,1.0,2950
Tustin,1.0,2500
Irvine,1.0,2585
Irvine,1.0,2395
Tustin,1.0,2475
Irvine,1.0,2580
Irvine,1.0,2555
Irvine,1.0,2475
Irvine,1.0,2420
Irvine,1.0,2570
Irvine,2.0,3105
Tustin,2.0,2570
Irvine,2.0,2865
Irvine,1.0,2355
Irvine,1.0,2475
Irvine,1.0,2545
Irvine,0.0,2230
Irvine,0.0,2530
Huntington Beach,1.0,2295
Huntington Beach,2.0,2695
Huntington Beach,2.0,2195
Huntington Beach,1.0,1950
Santa Ana,2.0,2700
Sunset Beach,0.0,2500
Garden Grove,3.0,3795
Huntington Beach,1.0,1904
Sunset Beach,1.0,5000
Mission Viejo,1.0,2370
Mission Viejo,1.0,2450
Huntington Beach,1.0,1975
Sunset Beach,1.0,3300
Garden Grove,1.0,2095
Westminster,2.0,2350
Garden Grove,1.0,1895
Garden Grove,0.0,1800
Garden Grove,1.0,2200
Garden Grove,1.0,1995
Huntington Beach,2.0,2700
Westminster,2.0,2900
Garden Grove,2.0,2295
Garden Grove,2.0,2425
Huntington Beach,2.0,2450
Huntington Beach,1.0,2150
Huntington Beach,2.0,2626
Stanton,1.0,1940
Huntington Beach,0.0,2199
Huntington Beach,1.0,2350
Westminster,0.0,1885
Garden Grove,2.0,2475
Huntington Beach,1.0,2342
Garden Grove,2.0,2689
Placentia,2.0,3395
Anaheim,1.0,1995
Anaheim,1.0,2390
Placentia,1.0,2313
Orange,1.0,2645
Orange,1.0,2235
Anaheim,2.0,3168
Orange,1.0,2295
Anaheim,1.0,2100
Anaheim,2.0,3075
Brea,0.0,2122
Anaheim,0.0,2285
Anaheim,1.0,1850
Placentia,0.0,2295
Anaheim,0.0,1960
Fullerton,1.0,2448
Fullerton,2.0,2615
Orange,1.0,2150
Anaheim,0.0,2165
Fullerton,1.0,1985
Fullerton,0.0,1905
Fullerton,1.0,1805
Anaheim,1.0,2143
Placentia,1.0,2019
Anaheim,1.0,1799
Fullerton,1.0,2550
Anaheim,0.0,2254
Anaheim,2.0,2595
Anaheim,2.0,2690
Fullerton,0.0,1964
Anaheim,1.0,2400
Anaheim,1.0,1750
Anaheim,1.0,1850
Fullerton,0.0,1900
Brea,2.0,2650
Anaheim,1.0,1975
Yorba Linda,2.0,2700
Anaheim,2.0,2200
Anaheim,2.0,2195
Anaheim,3.0,3900
Anaheim,4.0,4300
Fullerton,2.0,2295
Orange,1.0,2050
Anaheim,2.0,2700
Orange,3.0,3250
Fullerton,2.0,2990
Brea,1.0,2135
Fullerton,1.0,2140
Orange,0.0,1105
Placentia,2.0,2540
Anaheim,1.0,1965
Fullerton,1.0,2576
Fullerton,1.0,2165
Fullerton,1.0,2125
Anaheim,2.0,2875
Buena Park,1.0,2085
Anaheim,1.0,2100
La Habra,2.0,2850
Buena Park,2.0,2775
La Habra,1.0,2230
Anaheim,1.0,1950
Anaheim,0.0,2461
Anaheim,0.0,1995
La Palma,2.0,2445
Stanton,1.0,2194
Buena Park,2.0,2525
Fullerton,0.0,2195
Cypress,1.0,2250
Anaheim,0.0,1825
Fullerton,2.0,2700
Fullerton,0.0,2609
Anaheim,1.0,2165
Anaheim,1.0,2120
Fullerton,0.0,2612
Anaheim,1.0,1925
Anaheim,1.0,2150
Anaheim,1.0,4000
Anaheim,1.0,1995
Garden Grove,1.0,1895
Fullerton,2.0,2795
Anaheim,1.0,1900
Fullerton,2.0,7800
Buena Park,2.0,2595
Anaheim,2.0,6000
Anaheim,1.0,2090
La Habra,1.0,2790
Anaheim,0.0,1775
Fullerton,1.0,2495
Anaheim,2.0,2393
Anaheim,2.0,2300
Los Alamitos,1.0,2650
Buena Park,0.0,1895
Anaheim,1.0,1975
Fullerton,1.0,2514
Buena Park,1.0,1895
La Habra,1.0,2540
Anaheim,1.0,1995
Cypress,3.0,3395
Anaheim,0.0,1727
Fullerton,2.0,2500
Anaheim,1.0,1816
La Habra,0.0,1700
Fullerton,1.0,2645
Anaheim,2.0,2150
Anaheim,1.0,1875
Los Alamitos,0.0,2095
Stanton,2.0,2525
La Habra,1.0,2054
Anaheim,1.0,1795
Anaheim,2.0,2750
Fullerton,3.0,3446
Fullerton,0.0,1645
Fullerton,1.0,2403
Buena Park,1.0,2150
Buena Park,3.0,3300
Anaheim,1.0,1800
Stanton,2.0,4000
Anaheim,2.0,2245
Anaheim,1.0,1895
Anaheim,2.0,2250
Anaheim,1.0,1950
Anaheim,1.0,1950
Anaheim,3.0,3525
Cypress,3.0,3200
Anaheim,2.0,2275
Anaheim,1.0,1895
Anaheim,2.0,2600
Fullerton,2.0,2749
Fullerton,2.0,2795
Fullerton,1.0,2250
Los Alamitos,2.0,2700
Anaheim,3.0,3500
Anaheim,1.0,1950
Anaheim,1.0,2108
Los Alamitos,2.0,2400
Los Alamitos,1.0,1850
Anaheim,1.0,1995
Costa Mesa,0.0,2795
Newport Beach,1.0,2840
Irvine,1.0,2365
Irvine,1.0,2335
Costa Mesa,1.0,2116
Irvine,0.0,2525
Newport Beach,0.0,2450
Costa Mesa,1.0,2348
Costa Mesa,0.0,2599
Newport Beach,1.0,2550
Costa Mesa,1.0,2445
Costa Mesa,1.0,2102
Irvine,0.0,2336
Newport Beach,0.0,1737
Irvine,2.0,5000
Irvine,1.0,2400
Irvine,1.0,3000
Newport Beach,3.0,7550
Newport Beach,2.0,4500
Irvine,1.0,2600
Cypress,1.0,2395
Anaheim,3.0,3095
Anaheim,0.0,1915
Anaheim,1.0,1975
Anaheim,1.0,2400
Anaheim,2.0,2390
Anaheim,1.0,2145
Anaheim,1.0,2300
La Habra,2.0,2580
Costa Mesa,1.0,2295
Irvine,1.0,2450
Costa Mesa,4.0,5600
Costa Mesa,0.0,2150
Costa Mesa,1.0,4495
Newport Coast,2.0,5300
Corona Del Mar,2.0,4950
Anaheim,2.0,2700
Anaheim,1.0,1975
Newport Beach,3.0,7150
Orange,2.0,3105
Aliso Viejo,2.0,3060
Huntington Beach,2.0,2775
Anaheim,2.0,2640
Anaheim,2.0,2510
Anaheim,2.0,2575
Tustin,2.0,3150
Cypress,2.0,4195
Newport Beach,2.0,7090
Anaheim,2.0,2680
Rancho Santa Margarita,2.0,2915
Rancho Santa Margarita,2.0,2790
Brea,1.0,2205
Lake Forest,1.0,2305
Irvine,2.0,3975
Placentia,2.0,2695
Anaheim,1.0,2775
Rancho Santa Margarita,2.0,3580
Laguna Hills,2.0,3460
Cypress,2.0,2705
Cypress,2.0,2600
Orange,1.0,2575
Buena Park,2.0,2765
Irvine,2.0,4065
Rancho Santa Margarita,1.0,2296
Irvine,2.0,3565
Placentia,2.0,2700
Aliso Viejo,2.0,3385
Mission Viejo,1.0,2350
San Clemente,2.0,3373
Lake Forest,2.0,2850
Ladera Ranch,2.0,2665
Aliso Viejo,2.0,3450
Ladera Ranch,2.0,2960
Aliso Viejo,2.0,3095
Laguna Niguel,1.0,2423
Ladera Ranch,2.0,3285
San Clemente,2.0,3699
Ladera Ranch,2.0,2815
Aliso Viejo,2.0,3271
Aliso Viejo,2.0,3260
Lake Forest,2.0,2900
Aliso Viejo,2.0,3627
Ladera Ranch,2.0,3005
Rancho Santa Margarita,1.0,2510
Aliso Viejo,2.0,3376
Lake Forest,2.0,3605
Ladera Ranch,2.0,3309
Rancho Santa Margarita,2.0,2879
San Clemente,2.0,3425
Laguna Niguel,2.0,3155
Ladera Ranch,2.0,3170
San Juan Capistrano,2.0,3640
Rancho Santa Margarita,2.0,3260
Lake Forest,2.0,3099
Lake Forest,2.0,3045
Mission Viejo,2.0,3000
Santa Ana,2.0,2975
Fullerton,2.0,2390
Anaheim,2.0,2480
Placentia,2.0,2655
Anaheim,2.0,2690
Anaheim,1.0,2500
Fullerton,2.0,2875
Huntington Beach,3.0,4224
Newport Coast,2.0,4765
Irvine,3.0,4185
Newport Beach,2.0,3890
Irvine,2.0,3810
Newport Beach,2.0,4025
Laguna Beach,2.0,5263
Irvine,2.0,3995
Newport Beach,1.0,2935
Newport Coast,2.0,3835
Irvine,2.0,3325
Irvine,2.0,3275
Costa Mesa,2.0,2995
Laguna Beach,2.0,3553
Irvine,2.0,3380
Huntington Beach,2.0,5674
Laguna Beach,2.0,6950
Newport Beach,1.0,3349
Huntington Beach,2.0,2965
Irvine,2.0,2935
Irvine,1.0,3000
Irvine,2.0,4023
Irvine,2.0,3450
Irvine,2.0,3250
Irvine,1.0,2560
Irvine,2.0,3310
Newport Beach,2.0,4875
Costa Mesa,2.0,2680
Huntington Beach,1.0,2310
Costa Mesa,2.0,2885
Ladera Ranch,2.0,2955
Lake Forest,2.0,3240
Aliso Viejo,2.0,3060
Mission Viejo,2.0,3095
Laguna Hills,2.0,2840
Rancho Santa Margarita,2.0,2991
Mission Viejo,1.0,2321
Rancho Santa Margarita,1.0,2123
Santa Ana,1.0,2955
Santa Ana,2.0,2850
Tustin,2.0,3125
Tustin,2.0,3100
Irvine,2.0,3255
Irvine,1.0,3125
Orange,2.0,2697
Santa Ana,1.0,2657
Costa Mesa,2.0,3235
Costa Mesa,1.0,2486
Santa Ana,2.0,2845
Irvine,2.0,4874
Orange,2.0,2660
Orange,1.0,2949
Irvine,2.0,3235
Costa Mesa,1.0,3113
Irvine,2.0,3150
Irvine,2.0,3225
Santa Ana,2.0,3230
Huntington Beach,2.0,2895
Huntington Beach,2.0,2755
Fountain Valley,2.0,2927
Huntington Beach,1.0,2214
Fountain Valley,2.0,3095
Huntington Beach,2.0,3424
Garden Grove,2.0,3100
Huntington Beach,2.0,3376
Huntington Beach,2.0,2860
Garden Grove,2.0,2895
Stanton,1.0,2598
Stanton,2.0,2625
Huntington Beach,1.0,2557
Huntington Beach,1.0,2710
Stanton,1.0,2534
Westminster,2.0,2695
Huntington Beach,2.0,2695
Westminster,2.0,3385
Huntington Beach,2.0,2675
Westminster,2.0,2600
Garden Grove,2.0,2395
Westminster,2.0,2645
Huntington Beach,2.0,3378
Garden Grove,2.0,2405
Anaheim,2.0,2690
Brea,2.0,2720
Anaheim,1.0,2666
Anaheim,2.0,2620
Brea,1.0,2215
Anaheim,1.0,2705
Anaheim,1.0,2753
Anaheim,2.0,3025
Anaheim,1.0,2652
Anaheim,1.0,2689
Anaheim,1.0,2634
Anaheim,2.0,2650
Placentia,2.0,3191
Anaheim,2.0,2745
Orange,3.0,3990
Anaheim,1.0,2240
Fullerton,1.0,2508
Brea,2.0,3846
Placentia,2.0,2615
Anaheim,1.0,2676
Placentia,1.0,2530
Anaheim,2.0,2425
Anaheim,2.0,2525
Buena Park,1.0,2295
Anaheim,2.0,2800
Anaheim,2.0,3096
Los Alamitos,2.0,3724
La Palma,2.0,2505
Anaheim,2.0,2495
Garden Grove,2.0,2610
Irvine,1.0,2875
Irvine,2.0,3775
Irvine,2.0,2895
Irvine,2.0,2925
Irvine,2.0,3225
Irvine,1.0,2600
Laguna Beach,2.0,3995
Newport Beach,2.0,3260
Newport Beach,1.0,8500
Dana Pt,2.0,3318
Laguna Niguel,2.0,3190
Dana Pt,2.0,4565
Laguna Niguel,2.0,3069
Laguna Niguel,3.0,3609
Dana Pt,2.0,3425
San Clemente,2.0,3240
Dana Pt,2.0,2972
San Clemente,2.0,3038
Laguna Beach,3.0,24000
Laguna Beach,3.0,8250
Laguna Beach,2.0,3995
Laguna Beach,1.0,9000
Laguna Beach,3.0,13000
Huntington Beach,2.0,3195
Huntington Beach,2.0,2699
Newport Beach,1.0,2695
Costa Mesa,1.0,2195
Huntington Beach,2.0,2675
Costa Mesa,2.0,2595
Huntington Beach,1.0,2598
Costa Mesa,2.0,2650
Huntington Beach,2.0,2950
Newport Beach,4.0,6300
Aliso Viejo,3.0,4500
Mission Viejo,2.0,3400
Laguna Woods,2.0,2600
Lake Forest,2.0,3089
Laguna Niguel,1.0,2385
Mission Viejo,2.0,2673
Mission Viejo,2.0,3193
Laguna Hills,2.0,3056
Laguna Niguel,1.0,2510
Mission Viejo,1.0,2550
Orange,1.0,2872
Orange,1.0,2918
Santa Ana,1.0,3032
Orange,1.0,2830
Santa Ana,1.0,2814
Tustin,2.0,2795
Santa Ana,2.0,2892
Orange,2.0,2325
Santa Ana,2.0,3343
Orange,1.0,2400
Anaheim,2.0,2895
Anaheim,2.0,2710
Tustin,2.0,2695
Tustin,2.0,2600
Garden Grove,1.0,2272
Orange,2.0,3132
Tustin,3.0,4075
Tustin,1.0,2740
Tustin,1.0,2290
Irvine,2.0,3365
Tustin,2.0,2770
Santa Ana,1.0,2150
Tustin,4.0,4692
Santa Ana,2.0,2695
Tustin,2.0,2795
Huntington Beach,2.0,2680
Fountain Valley,2.0,2695
Westminster,1.0,1925
Westminster,1.0,2175
Huntington Beach,2.0,2499
Garden Grove,2.0,2676
Huntington Beach,2.0,2606
Garden Grove,2.0,2536
Huntington Beach,2.0,2980
Huntington Beach,2.0,2834
Garden Grove,2.0,2750
Fountain Valley,2.0,2930
Huntington Beach,1.0,2598
Huntington Beach,1.0,2585
Huntington Beach,2.0,2613
Garden Grove,2.0,2650
Huntington Beach,1.0,2561
Seal Beach,4.0,3348
Westminster,2.0,1950
Huntington Beach,2.0,2895
Irvine,2.0,3743
Irvine,2.0,3707
Irvine,1.0,2882
Irvine,1.0,2927
Santa Ana,1.0,3101
Costa Mesa,2.0,3876
Irvine,1.0,2719
Costa Mesa,2.0,4210
Santa Ana,2.0,2750
Irvine,3.0,4905
Irvine,1.0,2452
Irvine,1.0,3495
Santa Ana,2.0,3815
Costa Mesa,1.0,2625
Irvine,2.0,3319
Costa Mesa,2.0,2900
Fountain Valley,2.0,3185
Santa Ana,1.0,2627
Santa Ana,2.0,3021
Santa Ana,1.0,3037
Costa Mesa,2.0,3115
Santa Ana,2.0,2784
Irvine,2.0,3513
Costa Mesa,2.0,3155
Irvine,2.0,3372
Tustin,2.0,2800
Fountain Valley,2.0,2826
Garden Grove,3.0,3225
Huntington Beach,2.0,2795
Garden Grove,2.0,2782
Costa Mesa,1.0,2416
Huntington Beach,2.0,2651
Santa Ana,2.0,2549
Westminster,3.0,3095
Garden Grove,1.0,1449
Huntington Beach,4.0,3995
Huntington Beach,2.0,3045
Tustin,2.0,3095
Irvine,2.0,3955
Tustin,3.0,3925
Irvine,2.0,3150
Tustin,1.0,2700
Irvine,2.0,2930
Irvine,2.0,3395
Irvine,2.0,3125
Irvine,2.0,3195
Tustin,1.0,2275
Irvine,3.0,4130
Irvine,3.0,4825
Irvine,2.0,3370
Irvine,2.0,3295
Irvine,2.0,3150
Tustin,2.0,3130
Irvine,2.0,3150
Irvine,2.0,2865
Tustin,2.0,2995
Irvine,2.0,2995
Irvine,2.0,3230
Irvine,2.0,2895
Irvine,2.0,2865
Irvine,3.0,4300
Irvine,3.0,3840
Irvine,2.0,3055
Irvine,2.0,2960
Irvine,2.0,3065
Irvine,1.0,2445
Irvine,1.0,2634
Huntington Beach,2.0,3349
Huntington Beach,3.0,2995
Huntington Beach,2.0,2200
Santa Ana,3.0,3700
Sunset Beach,1.0,3250
Sunset Beach,2.0,5000
Mission Viejo,2.0,2910
Mission Viejo,2.0,2795
Garden Grove,2.0,2595
Garden Grove,1.0,1995
Westminster,3.0,3800
Garden Grove,3.0,3195
Huntington Beach,2.0,2550
Stanton,2.0,2595
Huntington Beach,1.0,2481
Huntington Beach,2.0,2870
Westminster,1.0,1880
Huntington Beach,2.0,2815
Garden Grove,3.0,3158
Placentia,3.0,3675
Placentia,2.0,2739
Orange,2.0,3345
Orange,2.0,2855
Anaheim,2.0,2300
Anaheim,3.0,3670
Brea,1.0,2749
Anaheim,1.0,2360
Placentia,1.0,2755
Anaheim,1.0,2285
Fullerton,2.0,3275
Anaheim,1.0,2475
Fullerton,2.0,2650
Fullerton,1.0,2295
Anaheim,2.0,2668
Fullerton,2.0,3223
Anaheim,1.0,2394
Anaheim,3.0,2895
Anaheim,3.0,3200
Fullerton,1.0,2243
Anaheim,2.0,3150
Anaheim,2.0,2250
Fullerton,1.0,2125
Yorba Linda,3.0,3500
Anaheim,3.0,4500
Anaheim,3.0,2950
Brea,2.0,2770
Fullerton,2.0,2755
Orange,1.0,1479
Placentia,3.0,4030
Anaheim,2.0,2595
Fullerton,2.0,3563
Fullerton,2.0,2640
Buena Park,2.0,2785
La Habra,2.0,2640
Anaheim,1.0,2797
Anaheim,1.0,2250
Stanton,2.0,2615
Fullerton,1.0,2155
Cypress,2.0,2767
Anaheim,1.0,2195
Fullerton,1.0,2719
Anaheim,2.0,2350
Anaheim,2.0,2705
Fullerton,1.0,2712
Anaheim,2.0,2350
Anaheim,2.0,2475
Anaheim,3.0,6495
Buena Park,3.0,2995
Anaheim,4.0,4495
Anaheim,2.0,2545
La Habra,2.0,3400
Anaheim,1.0,2104
Fullerton,2.0,2745
Los Alamitos,2.0,3250
Buena Park,2.0,2495
Anaheim,2.0,2300
Fullerton,2.0,2739
Buena Park,2.0,2595
La Habra,2.0,3264
Anaheim,1.0,1958
Anaheim,2.0,2186
La Habra,2.0,2595
Fullerton,2.0,3045
Los Alamitos,2.0,3025
Anaheim,2.0,2325
Fullerton,2.0,2931
Buena Park,2.0,2500
Anaheim,3.0,3800
Stanton,4.0,4000
Anaheim,3.0,2645
Anaheim,3.0,2600
Anaheim,2.0,2395
Fullerton,2.0,3000
Anaheim,2.0,2400
Los Alamitos,2.0,2300
Anaheim,2.0,2550
Costa Mesa,2.0,2750
Newport Beach,2.0,3490
Irvine,2.0,2695
Irvine,2.0,2690
Costa Mesa,2.0,2345
Irvine,1.0,2575
Newport Beach,1.0,2494
Costa Mesa,2.0,2949
Costa Mesa,1.0,2449
Newport Beach,2.0,2980
Costa Mesa,2.0,2780
Costa Mesa,2.0,2782
Irvine,1.0,2623
Newport Beach,1.0,2032
Irvine,2.0,3300
Irvine,2.0,3800
Irvine,2.0,2900
Cypress,2.0,2900
Anaheim,1.0,1995
Anaheim,2.0,2560
Anaheim,2.0,2865
Anaheim,2.0,2695
Anaheim,2.0,2543
Irvine,2.0,4200
Costa Mesa,1.0,2550
Corona Del Mar,3.0,11000
Anaheim,3.0,3250
